Name,Email
David,David@ccc.com
Steve,Steve@ccc.com
Walter,Walterccc.com
Betty,Betty@ccc.com
Carlos,Carlos@ccc.com
Mark,Markccc.com
Arnold,Arnold@ccc.com
Simon,Simon@ccc.com
Yusef,Yusef@ccc.com
